Workbook
Name NativeTimeline_Delivery_Date: #N/A
Name NativeTimeline_Order_Date: #N/A
Name Slicer_Occasion: #N/A

Sheet FNP Sales Analysis

Sheet Pivot
A1: Row Labels | B1: Sum of Sales | D1: Row Labels | E1: Count of Order_ID | G1: Row Labels | H1: Sum of Sales | J1: Row Labels | K1: Sum of Sales | M1: Sum of Sales
A2: All Occasions | B2: 586176 | D2: Bhatpara | E2: 18 | G2: Deserunt Box | H2: 97665 | J2: January | K2: 95468 | M2: 3520984
A3: Anniversary | B3: 674634 | D3: Bidhannagar | E3: 21 | G3: Dignissimos Pack | H3: 90036 | J3: February | K3: 704509 | M3: =GETPIVOTDATA("Sales",$M$1) -> 3520984
A4: Birthday | B4: 408194 | D4: Bilaspur | E4: 18 | G4: Dolores Gift | H4: 106624 | J4: March | K4: 511823
A5: Diwali | B5: 313783 | D5: Dhanbad | E5: 28 | G5: Error Gift | H5: 97012 | J5: April | K5: 140393 | M5: Average of Sales
A6: Holi | B6: 574682 | D6: Dibrugarh | E6: 21 | G6: Exercitationem Pack | H6: 96701 | J6: May | K6: 150346 | M6: 3520.984
A7: Raksha Bandhan | B7: 631585 | D7: Guntakal | E7: 20 | G7: Harum Pack | H7: 101556 | J7: June | K7: 157913 | M7: =GETPIVOTDATA("Sales",$M$5) -> 3520.984
A8: Valentine's Day | B8: 331930 | D8: Haridwar | E8: 24 | G8: Magnam Set | H8: 121905 | J8: July | K8: 135826
A9: Grand Total | B9: 3520984 | D9: Imphal | E9: 29 | G9: Nam Gift | H9: 91385 | J9: August | K9: 737389 | M9: Count of Order_ID
D10: Kavali | E10: 27 | G10: Nostrum Box | H10: 97656 | J10: September | K10: 136938 | M10: 1000
D11: North Dumdum | E11: 19 | G11: Quia Gift | H11: 114476 | J11: October | K11: 151619 | M11: =GETPIVOTDATA("Order_ID",$M$9) -> 1000
A12: Row Labels | B12: Sum of Sales | D12: Grand Total | E12: 225 | G12: Grand Total | H12: 1015016 | J12: November | K12: 449169
A13: Sunday | B13: 628138 | J13: December | K13: 149591 | M13: Avg_Del_Time
A14: Monday | B14: 461670 | G14: Row Labels | H14: Sum of Sales | J14: Grand Total | K14: 3520984 | M14: 5.53
A15: Tuesday | B15: 677223 | D15: Row Labels | E15: Sum of Sales | G15: 0 | H15: 99400 | M15: =GETPIVOTDATA("Diff_Del_Time",$M$13) -> 5.53
A16: Wednesday | B16: 415192 | D16: All Occasions | E16: 586176 | G16: 1 | H16: 129309 | J16: Row Labels | K16: Sum of Sales
A17: Thursday | B17: 418354 | D17: Anniversary | E17: 674634 | G17: 2 | H17: 152940 | J17: Cake | K17: 329862 | M17: Correaltion Ord/Del
A18: Friday | B18: 475447 | D18: Birthday | E18: 408194 | G18: 3 | H18: 146810 | J18: Colors | K18: 1005645 | M18: =CORREL(orders!$F$2:$F$1001,orders!$T$2:$T$1001) -> 0.0034781737
A19: Saturday | B19: 444960 | D19: Diwali | E19: 313783 | G19: 4 | H19: 114700 | J19: Mugs | K19: 201151
A20: Grand Total | B20: 3520984 | D20: Holi | E20: 574682 | G20: 5 | H20: 156198 | J20: Plants | K20: 212281
D21: Raksha Bandhan | E21: 631585 | G21: 6 | H21: 177211 | J21: Raksha Bandhan | K21: 297372
A22: Row Labels | B22: Sum of Sales | D22: Valentine's Day | E22: 331930 | G22: 7 | H22: 147749 | J22: Soft Toys | K22: 740831
A23: 2023 | B23: 3502005 | D23: Grand Total | E23: 3520984 | G23: 8 | H23: 133617 | J23: Sweets | K23: 733842
A24: 2024 | B24: 18979 | G24: 9 | H24: 153678 | J24: Grand Total | K24: 3520984
A25: Grand Total | B25: 3520984 | G25: 10 | H25: 94985
G26: 11 | H26: 130287
G27: 12 | H27: 162394
G28: 13 | H28: 152340
G29: 14 | H29: 126406
G30: 15 | H30: 163586
G31: 16 | H31: 128797
G32: 17 | H32: 155373
G33: 18 | H33: 173118
G34: 19 | H34: 185771
G35: 20 | H35: 186426
G36: 21 | H36: 155466
G37: 22 | H37: 125912
G38: 23 | H38: 168511
G39: Grand Total | H39: 3520984

Sheet orders
A1: Order_ID | B1: Customer_ID | C1: Product_ID | D1: Product_name | E1: Category | F1: Quantity | G1: Price | H1: Order_Date | I1: Order_Month | J1: Day | K1: Order_Time | L1: Delivery_Date | M1: Hour | N1: Delivery_Month | O1: Delivery_Time | P1: City | Q1: Location | R1: Occasion | S1: Sales | T1: Diff_Del_Time
A2: 1 | B2: C037 | C2: 67 | D2: Maiores Box | E2: Raksha Bandhan | F2: 5 | G2: =_xlfn.XLOOKUP(C2,[1]products!$A$2:$A$71,[1]products!$D$2:$D$71) -> 1374 | H2: 44981 | I2: =TEXT(H2,"mmmm") -> February | J2: =TEXT(H2,"dddd") -> Friday | K2: 0.99181713 | L2: 44990 | M2: =HOUR(orders!$K2) -> 23 | N2: =TEXT(L2,"mmmm") -> March | O2: 0.31053241 | P2: =_xlfn.XLOOKUP(B2,[2]customers!$A$2:$A$101,[2]customers!$C$2:$C$101) -> Davanagere | Q2: Bardhaman | R2: Anniversary | S2: =G2*F2 -> 6870 | T2: =L2-H2 -> 9
A3: 2 | B3: C019 | C3: 41 | D3: Aut Box | E3: Sweets | F3: 2 | G3: =_xlfn.XLOOKUP(C3,[1]products!$A$2:$A$71,[1]products!$D$2:$D$71) -> 1977 | H3: 45237 | I3: =TEXT(H3,"mmmm") -> November | J3: =TEXT(H3,"dddd") -> Tuesday | K3: 0.979375 | L3: 45243 | M3: =HOUR(orders!$K3) -> 23 | N3: =TEXT(L3,"mmmm") -> November | O3: 0.30297454 | P3: =_xlfn.XLOOKUP(B3,[2]customers!$A$2:$A$101,[2]customers!$C$2:$C$101) -> Danapur | Q3: Jaipur | R3: Diwali | S3: =G3*F3 -> 3954 | T3: =L3-H3 -> 6
A4: 3 | B4: C029 | C4: 67 | D4: Maiores Box | E4: Raksha Bandhan | F4: 5 | G4: =_xlfn.XLOOKUP(C4,[1]products!$A$2:$A$71,[1]products!$D$2:$D$71) -> 1374 | H4: 45121 | I4: =TEXT(H4,"mmmm") -> July | J4: =TEXT(H4,"dddd") -> Friday | K4: 0.80003472 | L4: 45126 | M4: =HOUR(orders!$K4) -> 19 | N4: =TEXT(L4,"mmmm") -> July | O4: 0.73541667 | P4: =_xlfn.XLOOKUP(B4,[2]customers!$A$2:$A$101,[2]customers!$C$2:$C$101) -> Haridwar | Q4: Bilaspur | R4: Anniversary | S4: =G4*F4 -> 6870 | T4: =L4-H4 -> 5
A5: 4 | B5: C012 | C5: 14 | D5: Deserunt Box | E5: Colors | F5: 5 | G5: =_xlfn.XLOOKUP(C5,[1]products!$A$2:$A$71,[1]products!$D$2:$D$71) -> 1915 | H5: 45117 | I5: =TEXT(H5,"mmmm") -> July | J5: =TEXT(H5,"dddd") -> Monday | K5: 0.19755787 | L5: 45126 | M5: =HOUR(orders!$K5) -> 4 | N5: =TEXT(L5,"mmmm") -> July | O5: 0.27318287 | P5: =_xlfn.XLOOKUP(B5,[2]customers!$A$2:$A$101,[2]customers!$C$2:$C$101) -> Bilaspur | Q5: Guwahati | R5: Birthday | S5: =G5*F5 -> 9575 | T5: =L5-H5 -> 9
A6: 5 | B6: C078 | C6: 58 | D6: Sed Pack | E6: Cake | F6: 2 | G6: =_xlfn.XLOOKUP(C6,[1]products!$A$2:$A$71,[1]products!$D$2:$D$71) -> 1492 | H6: 44968 | I6: =TEXT(H6,"mmmm") -> February | J6: =TEXT(H6,"dddd") -> Saturday | K6: 0.82277778 | L6: 44975 | M6: =HOUR(orders!$K6) -> 19 | N6: =TEXT(L6,"mmmm") -> February | O6: 0.46449074 | P6: =_xlfn.XLOOKUP(B6,[2]customers!$A$2:$A$101,[2]customers!$C$2:$C$101) -> Bhubaneswar | Q6: Rajkot | R6: Valentine's Day | S6: =G6*F6 -> 2984 | T6: =L6-H6 -> 7
A7: 6 | B7: C040 | C7: 28 | D7: Velit Set | E7: Sweets | F7: 4 | G7: =_xlfn.XLOOKUP(C7,[1]products!$A$2:$A$71,[1]products!$D$2:$D$71) -> 1778 | H7: 45158 | I7: =TEXT(H7,"mmmm") -> August | J7: =TEXT(H7,"dddd") -> Sunday | K7: 0.92471065 | L7: 45164 | M7: =HOUR(orders!$K7) -> 22 | N7: =TEXT(L7,"mmmm") -> August | O7: 0.79636574 | P7: =_xlfn.XLOOKUP(B7,[2]customers!$A$2:$A$101,[2]customers!$C$2:$C$101) -> Pallavaram | Q7: Sirsa | R7: Raksha Bandhan | S7: =G7*F7 -> 7112 | T7: =L7-H7 -> 6
A8: 7 | B8: C009 | C8: 45 | D8: Iusto Set | E8: Raksha Bandhan | F8: 2 | G8: =_xlfn.XLOOKUP(C8,[1]products!$A$2:$A$71,[1]products!$D$2:$D$71) -> 722 | H8: 45054 | I8: =TEXT(H8,"mmmm") -> May | J8: =TEXT(H8,"dddd") -> Monday | K8: 0.07306713 | L8: 45059 | M8: =HOUR(orders!$K8) -> 1 | N8: =TEXT(L8,"mmmm") -> May | O8: 0.42172454 | P8: =_xlfn.XLOOKUP(B8,[2]customers!$A$2:$A$101,[2]customers!$C$2:$C$101) -> Madurai | Q8: Nanded | R8: Birthday | S8: =G8*F8 -> 1444 | T8: =L8-H8 -> 5
A9: 8 | B9: C097 | C9: 43 | D9: Quisquam Pack | E9: Raksha Bandhan | F9: 3 | G9: =_xlfn.XLOOKUP(C9,[1]products!$A$2:$A$71,[1]products!$D$2:$D$71) -> 750 | H9: 45238 | I9: =TEXT(H9,"mmmm") -> November | J9: =TEXT(H9,"dddd") -> Wednesday | K9: 0.8055787 | L9: 45244 | M9: =HOUR(orders!$K9) -> 19 | N9: =TEXT(L9,"mmmm") -> November | O9: 0.36440972 | P9: =_xlfn.XLOOKUP(B9,[2]customers!$A$2:$A$101,[2]customers!$C$2:$C$101) -> Sri Ganganagar | Q9: Morena | R9: Diwali | S9: =G9*F9 -> 2250 | T9: =L9-H9 -> 6
A10: 9 | B10: C044 | C10: 27 | D10: Architecto Gift | E10: Cake | F10: 4 | G10: =_xlfn.XLOOKUP(C10,[1]products!$A$2:$A$71,[1]products!$D$2:$D$71) -> 548 | H10: 45158 | I10: =TEXT(H10,"mmmm") -> August | J10: =TEXT(H10,"dddd") -> Sunday | K10: 0.98600694 | L10: 45167 | M10: =HOUR(orders!$K10) -> 23 | N10: =TEXT(L10,"mmmm") -> August | O10: 0.99993056 | P10: =_xlfn.XLOOKUP(B10,[2]customers!$A$2:$A$101,[2]customers!$C$2:$C$101) -> Agra | Q10: Rajkot | R10: Raksha Bandhan | S10: =G10*F10 -> 2192 | T10: =L10-H10 -> 9
A11: 10 | B11: C099 | C11: 56 | D11: Quia Gift | E11: Raksha Bandhan | F11: 3 | G11: =_xlfn.XLOOKUP(C11,[1]products!$A$2:$A$71,[1]products!$D$2:$D$71) -> 1272 | H11: 44983 | I11: =TEXT(H11,"mmmm") -> February | J11: =TEXT(H11,"dddd") -> Sunday | K11: 0.012106481 | L11: 44993 | M11: =HOUR(orders!$K11) -> 0 | N11: =TEXT(L11,"mmmm") -> March | O11: 0.86646991 | P11: =_xlfn.XLOOKUP(B11,[2]customers!$A$2:$A$101,[2]customers!$C$2:$C$101) -> Dhanbad | Q11: Ambala | R11: Anniversary | S11: =G11*F11 -> 3816 | T11: =L11-H11 -> 10
A12: 11 | B12: C065 | C12: 16 | D12: Ut Pack | E12: Sweets | F12: 4 | G12: =_xlfn.XLOOKUP(C12,[1]products!$A$2:$A$71,[1]products!$D$2:$D$71) -> 1721 | H12: 44987 | I12: =TEXT(H12,"mmmm") -> March | J12: =TEXT(H12,"dddd") -> Thursday | K12: 0.84369213 | L12: 44988 | M12: =HOUR(orders!$K12) -> 20 | N12: =TEXT(L12,"mmmm") -> March | O12: 0.97207176 | P12: =_xlfn.XLOOKUP(B12,[2]customers!$A$2:$A$101,[2]customers!$C$2:$C$101) -> North Dumdum | Q12: Belgaum | R12: Holi | S12: =G12*F12 -> 6884 | T12: =L12-H12 -> 1
A13: 12 | B13: C097 | C13: 38 | D13: Mollitia Set | E13: Cake | F13: 3 | G13: =_xlfn.XLOOKUP(C13,[1]products!$A$2:$A$71,[1]products!$D$2:$D$71) -> 562 | H13: 45119 | I13: =TEXT(H13,"mmmm") -> July | J13: =TEXT(H13,"dddd") -> Wednesday | K13: 0.35342593 | L13: 45127 | M13: =HOUR(orders!$K13) -> 8 | N13: =TEXT(L13,"mmmm") -> July | O13: 0.98260417 | P13: =_xlfn.XLOOKUP(B13,[2]customers!$A$2:$A$101,[2]customers!$C$2:$C$101) -> Sri Ganganagar | Q13: Karnal | R13: Birthday | S13: =G13*F13 -> 1686 | T13: =L13-H13 -> 8
... A1001: 1000 | B1001: C012 | C1001: 27 | D1001: Architecto Gift | E1001: Cake | F1001: 4 | G1001: =_xlfn.XLOOKUP(C1001,[1]products!$A$2:$A$71,[1]products!$D$2:$D$71) -> 548 | H1001: 45163 | I1001: =TEXT(H1001,"mmmm") -> August | J1001: =TEXT(H1001,"dddd") -> Friday | K1001: 0.05744213 | L1001: 45169 | M1001: =HOUR(orders!$K1001) -> 1 | N1001: =TEXT(L1001,"mmmm") -> August | O1001: 0.2902662 | P1001: =_xlfn.XLOOKUP(B1001,[2]customers!$A$2:$A$101,[2]customers!$C$2:$C$101) -> Bilaspur | Q1001: Tadepalligudem | R1001: Raksha Bandhan | S1001: =G1001*F1001 -> 2192 | T1001: =L1001-H1001 -> 6
